"Tabela 5457 - Área plantada ou destinada à colheita, área colhida, quantidade produzida, rendimento médio e valor da produção das lavouras temporárias e permanentes"
"Variável - Área plantada ou destinada à colheita (Hectares)"
"Brasil, Município e Microrregião Geográfica";"Ano x Produto das lavouras temporárias e permanentes"
"Brasil, Município e Microrregião Geográfica";"2010";;;;;"2011";;;;;"2012";;;;;"2013";;;;;"2014";;;;;"2015";;;;;"2016";;;;;"2017";;;;;"2018";;;;;"2019";;;;;"2020"
"Brasil, Município e Microrregião Geográfica";"Total";"Abacaxi*";"Cana-de-açúcar";"Melancia";"Melão";"Total";"Abacaxi*";"Cana-de-açúcar";"Melancia";"Melão";"Total";"Abacaxi*";"Cana-de-açúcar";"Melancia";"Melão";"Total";"Abacaxi*";"Cana-de-açúcar";"Melancia";"Melão";"Total";"Abacaxi*";"Cana-de-açúcar";"Melancia";"Melão";"Total";"Abacaxi*";"Cana-de-açúcar";"Melancia";"Melão";"Total";"Abacaxi*";"Cana-de-açúcar";"Melancia";"Melão";"Total";"Abacaxi*";"Cana-de-açúcar";"Melancia";"Melão";"Total";"Abacaxi*";"Cana-de-açúcar";"Melancia";"Melão";"Total";"Abacaxi*";"Cana-de-açúcar";"Melancia";"Melão";"Total";"Abacaxi*";"Cana-de-açúcar";"Melancia";"Melão"
"Brasil";"65374591";"60016";"9164756";"96477";"18870";"68158023";"62868";"9616615";"98501";"19701";"69221503";"66576";"9777659";"96601";"22810";"72434134";"64421";"10223043";"93190";"22062";"76230864";"66723";"10454280";"94937";"22001";"76948099";"68322";"10179827";"97910";"20837";"77337268";"67259";"10242703";"94424";"23166";"78990210";"67286";"10233258";"103631";"23426";"78586195";"71966";"10045644";"102417";"23342";"81209857";"67052";"10120673";"100574";"22364";"83396004";"65049";"10026114";"99212";"24137"
"Acari (RN)";"241";"-";"-";"8";"3";"333";"-";"-";"8";"3";"216";"-";"-";"-";"-";"175";"-";"-";"-";"-";"549";"-";"-";"10";"10";"189";"-";"-";"10";"10";"328";"-";"-";"2";"2";"375";"-";"-";"3";"20";"318";"-";"-";"5";"20";"454";"-";"-";"15";"5";"198";"-";"-";"5";"-"
"Açu (RN)";"1139";"-";"-";"45";"40";"2451";"-";"-";"80";"42";"934";"-";"-";"60";"10";"1291";"-";"-";"80";"25";"1763";"-";"-";"90";"20";"1686";"-";"-";"120";"40";"1777";"-";"-";"180";"60";"1301";"-";"-";"120";"60";"1706";"-";"-";"170";"80";"2452";"-";"-";"140";"100";"2813";"-";"2";"170";"100"
"Afonso Bezerra (RN)";"380";"-";"-";"10";"10";"832";"-";"-";"70";"30";"288";"-";"-";"15";"8";"672";"-";"-";"10";"5";"987";"-";"-";"-";"40";"974";"-";"-";"40";"78";"804";"-";"-";"90";"207";"711";"-";"-";"100";"200";"1854";"-";"-";"200";"300";"1297";"-";"-";"200";"120";"1498";"-";"-";"100";"300"
"Água Nova (RN)";"395";"-";"-";"-";"-";"562";"-";"4";"-";"-";"472";"-";"4";"-";"-";"441";"-";"-";"-";"-";"469";"-";"2";"-";"-";"399";"-";"-";"-";"-";"488";"-";"-";"-";"-";"416";"-";"-";"-";"-";"356";"-";"-";"-";"-";"348";"-";"-";"-";"-";"377";"-";"-";"-";"-"
"Alexandria (RN)";"557";"-";"0";"0";"-";"609";"-";"13";"-";"-";"601";"-";"3";"-";"-";"535";"-";"-";"-";"-";"1110";"-";"4";"-";"-";"615";"-";"-";"-";"-";"512";"-";"-";"-";"-";"92";"-";"-";"-";"-";"466";"-";"1";"-";"-";"511";"-";"2";"-";"-";"526";"-";"3";"-";"-"
"Almino Afonso (RN)";"267";"-";"3";"3";"-";"851";"-";"35";"3";"-";"588";"-";"10";"-";"-";"566";"-";"6";"-";"-";"625";"-";"15";"-";"-";"209";"-";"30";"-";"-";"187";"-";"-";"-";"-";"189";"-";"-";"-";"-";"377";"-";"-";"-";"-";"297";"-";"10";"-";"-";"325";"-";"12";"-";"-"
"Alto do Rodrigues (RN)";"1078";"-";"-";"-";"-";"1583";"-";"-";"3";"-";"1032";"-";"-";"-";"30";"1125";"-";"-";"-";"30";"1760";"-";"-";"-";"-";"1824";"-";"-";"40";"-";"2696";"-";"-";"30";"-";"1416";"-";"-";"30";"-";"2079";"-";"-";"50";"-";"1673";"-";"-";"40";"-";"1678";"-";"-";"30";"-"
"Angicos (RN)";"470";"-";"-";"-";"-";"830";"-";"-";"-";"-";"193";"-";"-";"-";"-";"240";"-";"-";"-";"-";"770";"-";"-";"-";"-";"360";"-";"-";"-";"-";"600";"-";"-";"-";"-";"630";"-";"-";"-";"-";"690";"-";"-";"-";"-";"750";"-";"-";"-";"-";"500";"-";"-";"-";"-"
"Antônio Martins (RN)";"501";"-";"20";"-";"-";"1002";"-";"20";"-";"-";"987";"-";"10";"-";"-";"888";"-";"-";"-";"-";"803";"-";"20";"-";"-";"649";"-";"22";"-";"-";"418";"-";"-";"-";"-";"702";"-";"-";"-";"-";"806";"-";"-";"-";"-";"825";"-";"20";"-";"-";"787";"-";"-";"-";"-"
"Apodi (RN)";"9801";"-";"-";"120";"110";"24120";"-";"-";"40";"-";"10489";"-";"-";"60";"30";"12859";"-";"-";"60";"40";"12808";"-";"-";"66";"48";"11479";"-";"-";"80";"150";"8886";"-";"-";"850";"1000";"8711";"-";"-";"865";"1090";"6317";"-";"-";"865";"700";"4721";"-";"-";"865";"700";"4836";"-";"-";"865";"700"
"Areia Branca (RN)";"2660";"-";"-";"20";"-";"3150";"-";"-";"20";"-";"3023";"-";"-";"263";"-";"3140";"-";"-";"50";"-";"3440";"-";"-";"50";"-";"2500";"-";"-";"-";"-";"2540";"-";"-";"-";"-";"2570";"-";"-";"-";"-";"1785";"-";"-";"-";"-";"1845";"-";"-";"-";"-";"1865";"-";"-";"-";"-"
"Arês (RN)";"4764";"3";"4024";"-";"-";"4764";"3";"4024";"-";"-";"5438";"-";"4900";"-";"-";"5410";"-";"4900";"-";"-";"5368";"-";"4900";"-";"-";"5413";"-";"4900";"-";"-";"5445";"10";"4900";"-";"-";"5306";"10";"4900";"-";"-";"5446";"10";"5000";"-";"-";"5396";"-";"5000";"-";"-";"8436";"-";"7800";"-";"-"
"Augusto Severo (RN)";"1201";"-";"-";"-";"-";"1958";"-";"-";"-";"-";"1058";"-";"-";"-";"-";"923";"-";"-";"-";"-";"970";"-";"-";"-";"-";"1400";"-";"-";"-";"-";"420";"-";"-";"-";"-";"768";"-";"-";"4";"-";"340";"-";"-";"10";"-";"515";"-";"-";"15";"-";"865";"-";"-";"15";"-"
"Baía Formosa (RN)";"18501";"40";"16000";"-";"-";"18655";"40";"16000";"-";"-";"20497";"80";"18000";"-";"-";"20655";"80";"18000";"-";"-";"20500";"20";"18000";"-";"-";"20472";"10";"18000";"-";"-";"19329";"10";"18000";"-";"-";"19339";"10";"18000";"-";"-";"20410";"20";"19000";"-";"-";"20400";"10";"19000";"-";"-";"20400";"10";"19000";"-";"-"
"Baraúna (RN)";"7040";"-";"-";"580";"1200";"7880";"-";"-";"120";"1400";"8049";"-";"-";"2300";"2000";"10162";"-";"-";"2300";"2000";"7121";"-";"-";"1500";"685";"5304";"-";"-";"1300";"600";"4451";"-";"-";"1000";"500";"3694";"-";"-";"1200";"500";"7920";"-";"-";"5000";"500";"12020";"-";"-";"5000";"550";"12474";"-";"-";"5000";"600"
"Barcelona (RN)";"293";"-";"-";"-";"-";"494";"-";"-";"-";"-";"62";"-";"-";"-";"-";"519";"-";"-";"-";"-";"234";"-";"-";"-";"-";"426";"-";"-";"-";"-";"377";"-";"-";"-";"-";"172";"-";"-";"-";"-";"418";"-";"-";"-";"-";"619";"-";"-";"-";"-";"625";"-";"-";"-";"-"
"Bento Fernandes (RN)";"441";"50";"-";"-";"-";"1427";"1";"-";"-";"-";"177";"-";"-";"-";"-";"1185";"-";"-";"-";"-";"259";"-";"-";"-";"-";"337";"-";"-";"-";"-";"253";"-";"-";"-";"-";"253";"-";"-";"-";"-";"296";"-";"-";"-";"-";"327";"-";"-";"-";"-";"316";"-";"-";"-";"-"
"Bodó (RN)";"5023";"-";"-";"2";"-";"4709";"-";"-";"2";"30";"3849";"-";"-";"-";"-";"4248";"-";"-";"-";"-";"4662";"-";"-";"-";"-";"5542";"-";"-";"-";"-";"4506";"-";"-";"-";"-";"3464";"-";"-";"-";"-";"4322";"-";"-";"-";"-";"4522";"-";"-";"-";"-";"3603";"-";"-";"-";"-"
"Bom Jesus (RN)";"1368";"-";"-";"-";"-";"2681";"-";"-";"-";"-";"1973";"-";"-";"-";"-";"2377";"-";"-";"-";"-";"1927";"-";"-";"-";"-";"2275";"-";"-";"-";"-";"1475";"-";"-";"-";"-";"1105";"-";"-";"-";"-";"1554";"-";"-";"-";"-";"2105";"-";"-";"-";"-";"2211";"-";"-";"-";"-"
"Brejinho (RN)";"2998";"-";"2700";"-";"-";"3158";"-";"2700";"-";"-";"6480";"-";"6000";"-";"-";"6403";"-";"6000";"-";"-";"6418";"-";"6000";"-";"-";"535";"-";"-";"-";"-";"645";"-";"-";"-";"-";"635";"-";"-";"-";"-";"330";"-";"-";"-";"-";"375";"-";"-";"-";"-";"375";"-";"-";"-";"-"
"Caiçara do Norte (RN)";"2120";"-";"-";"10";"-";"2215";"-";"-";"5";"-";"2065";"-";"-";"5";"-";"2215";"-";"-";"5";"-";"2164";"-";"-";"5";"-";"2134";"-";"-";"5";"-";"2133";"-";"-";"5";"-";"2137";"-";"-";"-";"-";"2314";"-";"-";"-";"-";"2864";"-";"-";"-";"-";"2764";"-";"-";"-";"-"
"Caiçara do Rio do Vento (RN)";"75";"-";"-";"-";"-";"334";"-";"-";"-";"-";"40";"-";"-";"-";"-";"122";"-";"-";"2";"-";"270";"-";"-";"-";"-";"211";"-";"-";"-";"-";"270";"-";"-";"-";"-";"15";"-";"-";"-";"-";"225";"-";"-";"-";"-";"325";"-";"-";"-";"-";"345";"-";"-";"-";"-"
"Caicó (RN)";"235";"-";"25";"12";"-";"1017";"-";"30";"21";"-";"614";"-";"38";"2";"-";"641";"-";"38";"-";"-";"446";"-";"2";"-";"-";"224";"-";"2";"-";"-";"342";"-";"-";"-";"-";"195";"-";"-";"-";"-";"149";"-";"-";"-";"-";"118";"-";"-";"5";"-";"100";"-";"-";"-";"-"
"Campo Redondo (RN)";"363";"-";"-";"-";"-";"1553";"-";"-";"-";"-";"108";"-";"-";"-";"-";"396";"-";"-";"-";"-";"964";"-";"-";"-";"-";"1560";"-";"-";"-";"-";"909";"-";"-";"-";"-";"490";"-";"-";"-";"-";"923";"-";"-";"-";"-";"1074";"-";"-";"-";"-";"1105";"-";"-";"-";"-"
"Canguaretama (RN)";"9017";"0";"8000";"-";"-";"9175";"-";"8000";"-";"-";"15911";"-";"15000";"-";"-";"15806";"-";"15000";"-";"-";"15751";"-";"15000";"-";"-";"15786";"-";"15000";"-";"-";"15731";"-";"15000";"-";"-";"15751";"-";"15000";"-";"-";"15746";"-";"15000";"-";"-";"15806";"-";"15000";"-";"-";"15746";"-";"15000";"-";"-"
"Caraúbas (RN)";"5089";"-";"-";"25";"-";"7184";"-";"-";"25";"-";"5475";"-";"-";"15";"-";"5940";"-";"-";"35";"-";"4670";"-";"-";"35";"-";"4360";"-";"-";"40";"-";"2745";"-";"-";"40";"-";"2826";"-";"-";"60";"-";"1216";"-";"-";"100";"-";"1685";"-";"-";"110";"150";"2125";"-";"-";"130";"150"
"Carnaúba dos Dantas (RN)";"132";"-";"-";"-";"-";"476";"-";"-";"-";"-";"121";"-";"-";"-";"-";"50";"-";"-";"-";"-";"248";"-";"-";"-";"-";"420";"-";"-";"-";"-";"618";"-";"-";"-";"-";"528";"-";"-";"10";"-";"626";"-";"-";"100";"-";"363";"-";"-";"50";"-";"98";"-";"-";"-";"-"
"Carnaubais (RN)";"1959";"-";"-";"65";"10";"2201";"-";"-";"75";"12";"989";"-";"-";"50";"-";"1464";"-";"-";"60";"-";"1753";"-";"-";"66";"-";"1303";"-";"-";"65";"-";"1185";"-";"-";"60";"-";"1029";"-";"-";"40";"6";"2158";"-";"-";"185";"25";"3285";"-";"-";"400";"15";"2503";"-";"-";"110";"5"
"Ceará-Mirim (RN)";"11360";"7";"8000";"-";"-";"10014";"7";"6800";"-";"-";"9972";"7";"6800";"-";"-";"4907";"7";"1500";"10";"-";"7127";"7";"3000";"90";"-";"7620";"-";"3000";"90";"-";"7520";"-";"3000";"90";"-";"7200";"-";"2580";"-";"-";"7620";"-";"3000";"-";"-";"8060";"-";"3000";"40";"-";"8460";"-";"3000";"-";"-"
"Cerro Corá (RN)";"8030";"-";"-";"-";"-";"8995";"-";"-";"-";"-";"9864";"-";"-";"-";"-";"3480";"-";"-";"-";"-";"7151";"-";"-";"-";"-";"6186";"-";"-";"-";"-";"5021";"-";"-";"-";"-";"6882";"-";"-";"-";"-";"7916";"-";"-";"-";"-";"9030";"-";"-";"-";"-";"8765";"-";"-";"12";"-"
"Coronel Ezequiel (RN)";"1503";"-";"-";"-";"-";"1521";"-";"-";"-";"-";"964";"-";"-";"-";"-";"1629";"-";"-";"-";"-";"1222";"-";"-";"-";"-";"1594";"-";"-";"-";"-";"1253";"-";"-";"-";"-";"838";"-";"-";"-";"-";"1243";"-";"-";"-";"-";"1185";"-";"-";"2";"-";"836";"-";"-";"2";"-"
"Coronel João Pessoa (RN)";"1165";"-";"60";"-";"-";"1138";"-";"40";"-";"-";"822";"-";"40";"-";"-";"697";"-";"7";"-";"-";"930";"-";"20";"-";"-";"757";"-";"22";"-";"-";"741";"-";"10";"-";"-";"723";"-";"-";"-";"-";"862";"-";"10";"-";"-";"632";"-";"5";"-";"-";"671";"-";"7";"-";"-"
"Cruzeta (RN)";"125";"-";"-";"2";"1";"224";"-";"-";"30";"30";"184";"-";"-";"30";"30";"93";"-";"-";"10";"10";"247";"-";"-";"20";"20";"247";"-";"-";"-";"-";"327";"-";"-";"40";"6";"448";"-";"-";"-";"-";"458";"-";"-";"8";"2";"239";"-";"-";"10";"6";"60";"-";"-";"3";"-"
"Currais Novos (RN)";"623";"-";"-";"8";"-";"865";"-";"-";"5";"-";"257";"-";"-";"-";"-";"302";"-";"-";"-";"-";"1444";"-";"-";"-";"-";"584";"-";"-";"-";"-";"584";"-";"-";"-";"-";"546";"-";"-";"-";"-";"346";"-";"-";"-";"-";"344";"-";"-";"-";"-";"269";"-";"-";"-";"-"
"Doutor Severiano (RN)";"948";"-";"6";"-";"-";"991";"-";"4";"-";"-";"861";"-";"4";"-";"-";"745";"-";"3";"-";"-";"1031";"-";"4";"-";"-";"739";"-";"15";"-";"-";"844";"-";"10";"-";"-";"761";"-";"1";"-";"-";"959";"-";"1";"-";"-";"954";"-";"3";"-";"-";"960";"-";"3";"-";"-"
"Parnamirim (RN)";"1409";"-";"242";"-";"-";"1280";"-";"242";"-";"-";"1455";"-";"242";"-";"-";"808";"-";"120";"-";"-";"678";"-";"20";"-";"-";"598";"-";"10";"-";"-";"270";"-";"-";"-";"-";"252";"-";"-";"-";"-";"230";"-";"-";"-";"-";"220";"-";"-";"-";"-";"230";"-";"-";"-";"-"
"Encanto (RN)";"225";"-";"6";"-";"-";"821";"-";"6";"-";"-";"634";"-";"6";"-";"-";"694";"-";"6";"-";"-";"792";"-";"7";"-";"-";"57";"-";"-";"-";"-";"211";"-";"5";"-";"-";"325";"-";"1";"-";"-";"341";"-";"1";"-";"-";"387";"-";"1";"-";"-";"402";"-";"1";"-";"-"
"Equador (RN)";"377";"-";"-";"-";"-";"384";"-";"-";"4";"-";"339";"-";"-";"-";"-";"250";"-";"-";"-";"-";"195";"-";"-";"30";"1";"152";"-";"-";"10";"-";"210";"-";"-";"5";"-";"139";"-";"-";"-";"-";"349";"-";"-";"-";"-";"336";"-";"-";"-";"-";"302";"-";"-";"-";"-"
"Espírito Santo (RN)";"326";"3";"0";"-";"-";"398";"1";"30";"-";"-";"347";"-";"30";"-";"-";"227";"-";"30";"-";"-";"372";"-";"30";"-";"-";"367";"-";"30";"-";"-";"300";"-";"30";"-";"-";"178";"-";"30";"-";"-";"187";"-";"30";"-";"-";"167";"-";"30";"-";"-";"172";"-";"30";"-";"-"
"Extremoz (RN)";"1478";"-";"415";"-";"-";"1585";"-";"415";"-";"-";"1395";"-";"415";"-";"-";"1370";"-";"415";"-";"-";"646";"20";"-";"-";"-";"538";"20";"-";"2";"-";"552";"5";"-";"2";"-";"565";"5";"-";"2";"-";"614";"5";"-";"2";"-";"630";"5";"-";"2";"-";"583";"3";"-";"5";"-"
"Felipe Guerra (RN)";"228";"-";"-";"12";"-";"840";"-";"-";"13";"-";"368";"-";"-";"15";"-";"548";"-";"-";"20";"-";"583";"-";"-";"20";"-";"373";"-";"-";"30";"3";"419";"-";"-";"40";"2";"441";"-";"-";"40";"2";"633";"-";"-";"60";"6";"503";"-";"-";"60";"6";"492";"-";"-";"60";"5"
"Fernando Pedroza (RN)";"130";"-";"-";"-";"-";"180";"-";"-";"-";"-";"340";"-";"-";"-";"-";"85";"-";"-";"-";"-";"165";"-";"-";"-";"-";"195";"-";"-";"-";"-";"220";"-";"-";"-";"-";"270";"-";"-";"-";"-";"505";"-";"-";"-";"-";"160";"-";"-";"-";"-";"140";"-";"-";"-";"-"
"Florânia (RN)";"1103";"-";"-";"3";"-";"1475";"-";"-";"3";"-";"1162";"-";"-";"-";"-";"1352";"-";"-";"-";"-";"2232";"-";"-";"-";"-";"2190";"-";"-";"-";"-";"1720";"-";"-";"2";"-";"1045";"-";"-";"2";"-";"1462";"-";"-";"4";"-";"1789";"-";"2";"6";"-";"1573";"-";"-";"9";"-"
"Francisco Dantas (RN)";"188";"-";"2";"-";"-";"597";"-";"2";"-";"-";"566";"-";"-";"-";"-";"566";"-";"-";"-";"-";"552";"-";"-";"-";"-";"455";"-";"-";"-";"-";"314";"-";"-";"-";"-";"281";"-";"-";"-";"-";"221";"-";"-";"-";"-";"471";"-";"-";"-";"-";"461";"-";"-";"-";"-"
"Frutuoso Gomes (RN)";"474";"-";"25";"6";"-";"545";"-";"15";"5";"-";"422";"-";"3";"-";"-";"404";"-";"-";"-";"-";"535";"-";"6";"-";"-";"388";"-";"20";"-";"-";"245";"-";"17";"-";"-";"309";"-";"8";"-";"-";"384";"-";"8";"-";"-";"459";"-";"8";"-";"-";"491";"-";"10";"-";"-"
"Galinhos (RN)";"2200";"-";"-";"-";"180";"2292";"-";"-";"-";"200";"2022";"-";"-";"-";"180";"1942";"-";"-";"-";"180";"1314";"-";"-";"25";"200";"1637";"-";"-";"100";"285";"806";"-";"-";"100";"180";"817";"-";"-";"100";"320";"812";"-";"-";"65";"350";"534";"-";"-";"20";"200";"511";"-";"-";"70";"130"
"Goianinha (RN)";"6958";"-";"5528";"-";"-";"6993";"-";"5528";"-";"-";"6658";"-";"5528";"-";"-";"6295";"-";"5600";"-";"-";"6455";"-";"5600";"-";"-";"6405";"-";"5600";"-";"-";"6365";"-";"5600";"-";"-";"6433";"-";"5680";"-";"-";"6563";"-";"5800";"-";"-";"6513";"-";"5800";"-";"-";"6473";"-";"5800";"-";"-"
"Governador Dix-Sept Rosado (RN)";"408";"-";"-";"20";"5";"2254";"-";"-";"10";"5";"562";"-";"-";"12";"5";"1793";"-";"-";"15";"5";"2091";"-";"-";"40";"5";"1806";"-";"-";"60";"60";"1826";"-";"-";"60";"300";"1982";"-";"-";"70";"350";"1887";"-";"-";"60";"360";"3981";"-";"-";"50";"360";"4271";"-";"-";"50";"400"
"Grossos (RN)";"33";"-";"-";"4";"-";"578";"-";"-";"6";"-";"165";"-";"-";"5";"-";"283";"-";"-";"8";"-";"227";"-";"-";"10";"-";"1339";"-";"-";"12";"-";"705";"-";"-";"10";"-";"705";"-";"-";"10";"-";"615";"-";"-";"10";"-";"615";"-";"-";"10";"-";"655";"-";"-";"10";"-"
"Guamaré (RN)";"1495";"-";"-";"10";"-";"1626";"-";"-";"12";"-";"1192";"-";"-";"12";"-";"127";"-";"-";"-";"-";"611";"-";"-";"-";"-";"830";"-";"-";"-";"-";"736";"-";"-";"-";"-";"726";"-";"-";"-";"-";"366";"-";"-";"-";"-";"1316";"-";"-";"-";"-";"1163";"-";"-";"-";"-"
"Ielmo Marinho (RN)";"1902";"600";"-";"-";"-";"2523";"600";"350";"-";"-";"724";"390";"86";"-";"-";"1228";"390";"100";"3";"-";"1615";"700";"150";"3";"-";"1594";"700";"150";"-";"-";"1836";"1000";"180";"3";"-";"2141";"1000";"180";"3";"-";"2202";"1000";"180";"-";"-";"2255";"1000";"180";"3";"-";"2255";"1000";"180";"3";"-"
"Ipanguaçu (RN)";"3047";"-";"-";"30";"5";"2971";"-";"-";"40";"8";"1583";"-";"-";"20";"10";"1588";"-";"-";"15";"10";"2676";"-";"-";"20";"-";"2116";"-";"-";"20";"-";"2555";"-";"-";"15";"422";"1974";"-";"-";"-";"-";"2044";"-";"-";"10";"-";"1882";"-";"-";"-";"-";"1995";"-";"-";"15";"-"
"Ipueira (RN)";"34";"-";"-";"-";"-";"161";"-";"-";"5";"2";"37";"-";"-";"-";"-";"233";"-";"-";"-";"-";"140";"-";"-";"-";"-";"96";"-";"-";"-";"-";"131";"-";"-";"3";"-";"559";"-";"-";"-";"-";"549";"-";"-";"-";"-";"316";"-";"-";"3";"-";"202";"-";"-";"2";"-"
"Itajá (RN)";"121";"-";"-";"5";"-";"374";"-";"-";"8";"-";"8";"-";"-";"-";"-";"20";"-";"-";"5";"-";"110";"-";"-";"-";"-";"120";"-";"-";"-";"-";"220";"-";"-";"-";"-";"263";"-";"-";"-";"-";"460";"-";"-";"-";"-";"220";"-";"-";"-";"-";"180";"-";"-";"-";"-"
"Itaú (RN)";"385";"-";"-";"-";"-";"1375";"-";"-";"-";"-";"645";"-";"-";"-";"-";"1385";"-";"-";"-";"-";"1705";"-";"-";"-";"-";"526";"-";"-";"-";"-";"1371";"-";"-";"-";"-";"1616";"-";"-";"-";"-";"1236";"-";"-";"-";"-";"1393";"-";"-";"-";"-";"1443";"-";"-";"-";"-"
"Jaçanã (RN)";"1713";"-";"-";"-";"-";"1639";"-";"-";"-";"-";"1121";"-";"-";"-";"-";"1116";"-";"-";"-";"-";"1451";"-";"-";"-";"-";"1032";"-";"-";"-";"-";"941";"-";"-";"-";"-";"809";"-";"-";"-";"-";"1159";"-";"-";"-";"-";"1217";"-";"-";"-";"-";"979";"-";"-";"-";"-"
"Jandaíra (RN)";"729";"-";"-";"10";"4";"1263";"-";"-";"10";"15";"1246";"-";"-";"10";"15";"569";"-";"-";"10";"15";"447";"-";"-";"10";"15";"494";"-";"-";"10";"15";"583";"-";"-";"10";"15";"378";"-";"-";"10";"15";"668";"-";"-";"20";"130";"850";"-";"-";"30";"120";"810";"-";"-";"30";"100"
"Janduís (RN)";"24";"-";"1";"-";"-";"507";"-";"1";"-";"-";"315";"-";"1";"-";"-";"486";"-";"1";"-";"-";"453";"-";"-";"-";"-";"253";"-";"-";"-";"-";"293";"-";"-";"-";"-";"306";"-";"-";"-";"-";"296";"-";"-";"-";"-";"331";"-";"-";"-";"-";"406";"-";"-";"-";"-"
"Januário Cicco (RN)";"5492";"-";"-";"-";"-";"4124";"-";"-";"-";"-";"4208";"-";"-";"-";"-";"1310";"-";"-";"-";"-";"4188";"-";"-";"-";"-";"2438";"-";"-";"-";"-";"1341";"-";"-";"-";"-";"1041";"-";"-";"-";"-";"2170";"-";"-";"-";"-";"2380";"-";"-";"-";"-";"2591";"-";"-";"-";"-"
"Japi (RN)";"2647";"-";"-";"-";"-";"2438";"-";"-";"-";"-";"149";"-";"-";"-";"-";"1440";"-";"-";"-";"-";"6";"-";"-";"-";"-";"610";"-";"-";"-";"-";"912";"-";"-";"-";"-";"310";"-";"-";"-";"-";"708";"-";"-";"-";"-";"503";"-";"-";"-";"-";"442";"-";"-";"-";"-"
"Jardim de Angicos (RN)";"440";"-";"-";"-";"-";"560";"-";"-";"-";"-";"770";"-";"-";"-";"-";"920";"-";"-";"-";"-";"720";"-";"-";"-";"-";"600";"-";"-";"-";"-";"565";"-";"-";"-";"-";"529";"-";"-";"-";"-";"365";"-";"-";"-";"-";"365";"-";"-";"-";"-";"385";"-";"-";"-";"-"
"Jardim de Piranhas (RN)";"159";"-";"5";"2";"20";"220";"-";"5";"3";"5";"449";"-";"5";"2";"5";"151";"-";"3";"2";"2";"215";"-";"1";"2";"2";"220";"-";"1";"8";"4";"244";"-";"1";"1";"5";"117";"-";"-";"-";"-";"262";"-";"-";"-";"-";"218";"-";"-";"2";"-";"83";"-";"-";"4";"-"
"Jardim do Seridó (RN)";"332";"-";"-";"-";"-";"404";"-";"-";"2";"1";"182";"-";"-";"-";"-";"78";"-";"-";"-";"-";"353";"-";"-";"2";"-";"310";"-";"-";"-";"-";"430";"-";"-";"-";"-";"259";"-";"-";"-";"-";"192";"-";"-";"-";"-";"242";"-";"-";"-";"-";"266";"-";"-";"-";"-"
"João Câmara (RN)";"5208";"-";"-";"-";"-";"5333";"-";"-";"-";"-";"3500";"-";"-";"-";"-";"4085";"-";"-";"-";"-";"2765";"-";"-";"-";"-";"2065";"-";"-";"-";"-";"1590";"-";"-";"-";"-";"1360";"-";"-";"-";"-";"1126";"-";"-";"-";"-";"1041";"-";"-";"-";"-";"1156";"-";"-";"-";"-"
"João Dias (RN)";"484";"-";"0";"-";"-";"415";"-";"5";"-";"-";"323";"-";"5";"-";"-";"314";"-";"5";"-";"-";"709";"-";"5";"-";"-";"700";"-";"5";"-";"-";"706";"-";"10";"-";"-";"346";"-";"10";"-";"-";"387";"-";"3";"-";"-";"336";"-";"10";"-";"-";"395";"-";"10";"-";"-"
"José da Penha (RN)";"647";"-";"6";"-";"-";"1140";"-";"6";"-";"-";"721";"-";"6";"-";"-";"994";"-";"5";"-";"-";"1065";"-";"10";"-";"-";"749";"-";"10";"-";"-";"631";"-";"10";"-";"-";"177";"-";"-";"-";"-";"1405";"-";"-";"-";"-";"1158";"-";"-";"-";"-";"1152";"-";"-";"-";"-"
"Jucurutu (RN)";"500";"-";"-";"-";"-";"582";"-";"-";"-";"-";"355";"-";"-";"-";"-";"292";"-";"-";"-";"-";"582";"-";"-";"-";"-";"582";"-";"-";"-";"-";"422";"-";"-";"-";"-";"612";"-";"-";"-";"-";"670";"-";"-";"4";"-";"535";"-";"-";"4";"-";"325";"-";"-";"-";"-"
"Jundiá (RN)";"559";"-";"200";"-";"-";"579";"-";"200";"-";"-";"385";"-";"200";"-";"-";"532";"-";"200";"-";"-";"532";"-";"200";"-";"-";"452";"-";"200";"-";"-";"402";"-";"200";"-";"-";"357";"-";"200";"-";"-";"357";"-";"200";"-";"-";"530";"-";"300";"-";"-";"530";"-";"300";"-";"-"
"Lagoa d'Anta (RN)";"1092";"-";"-";"-";"-";"3002";"-";"-";"-";"-";"4197";"-";"-";"-";"-";"604";"-";"-";"-";"-";"974";"-";"-";"-";"-";"1194";"-";"-";"-";"-";"547";"-";"-";"-";"-";"797";"-";"-";"-";"-";"1352";"-";"-";"-";"-";"1746";"-";"-";"-";"-";"1754";"-";"-";"-";"-"
"Lagoa de Pedras (RN)";"1601";"-";"-";"-";"-";"2082";"-";"-";"-";"-";"1255";"-";"-";"-";"-";"770";"-";"-";"-";"-";"740";"-";"-";"-";"-";"655";"-";"-";"-";"-";"574";"-";"-";"-";"-";"724";"-";"-";"-";"-";"654";"-";"-";"-";"-";"474";"-";"-";"-";"-";"474";"-";"-";"-";"-"
"Lagoa de Velhos (RN)";"1186";"-";"-";"-";"-";"1052";"-";"-";"-";"-";"94";"-";"-";"-";"-";"307";"-";"-";"-";"-";"71";"-";"-";"-";"-";"429";"-";"-";"-";"-";"332";"-";"-";"-";"-";"232";"-";"-";"-";"-";"319";"-";"-";"-";"-";"522";"-";"-";"-";"-";"532";"-";"-";"-";"-"
"Lagoa Nova (RN)";"6131";"-";"-";"-";"-";"5831";"-";"-";"-";"-";"5511";"-";"-";"-";"-";"3341";"-";"-";"-";"-";"5471";"-";"-";"-";"-";"3861";"-";"-";"-";"-";"3565";"-";"-";"-";"-";"4895";"-";"-";"-";"-";"4715";"-";"-";"-";"-";"5916";"-";"-";"-";"-";"5210";"-";"-";"-";"-"
"Lagoa Salgada (RN)";"3209";"-";"-";"-";"-";"3454";"-";"-";"-";"-";"2234";"-";"-";"-";"-";"2549";"-";"-";"-";"-";"2602";"-";"-";"-";"-";"2505";"-";"-";"-";"-";"2034";"-";"-";"-";"-";"1887";"-";"-";"-";"-";"1302";"-";"-";"-";"-";"824";"-";"-";"-";"-";"524";"-";"-";"-";"-"
"Lajes (RN)";"210";"-";"-";"-";"-";"418";"-";"-";"-";"-";"35";"-";"-";"-";"-";"125";"-";"-";"-";"-";"400";"-";"-";"-";"-";"360";"-";"-";"-";"-";"1430";"-";"-";"-";"-";"950";"-";"-";"-";"-";"1680";"-";"-";"-";"-";"1150";"-";"-";"-";"-";"480";"-";"-";"-";"-"
"Lajes Pintadas (RN)";"1276";"-";"-";"-";"-";"930";"-";"-";"-";"-";"68";"-";"-";"-";"-";"210";"-";"-";"-";"-";"982";"-";"-";"-";"-";"857";"-";"-";"-";"-";"312";"-";"-";"-";"-";"472";"-";"-";"-";"-";"462";"-";"-";"-";"-";"571";"-";"-";"-";"-";"448";"-";"-";"-";"-"
"Lucrécia (RN)";"348";"-";"6";"-";"-";"452";"-";"6";"1";"-";"545";"-";"6";"-";"-";"505";"-";"-";"-";"-";"478";"-";"6";"-";"-";"142";"-";"6";"-";"-";"241";"-";"2";"-";"-";"527";"-";"2";"-";"-";"506";"-";"2";"-";"-";"483";"-";"3";"-";"-";"501";"-";"3";"-";"-"
"Luís Gomes (RN)";"1928";"-";"50";"-";"-";"1931";"-";"58";"-";"-";"1800";"-";"58";"-";"-";"1380";"-";"-";"-";"-";"1860";"-";"46";"-";"-";"453";"-";"-";"-";"-";"357";"-";"10";"-";"-";"418";"-";"-";"-";"-";"815";"-";"-";"-";"-";"738";"-";"3";"-";"-";"741";"-";"-";"-";"-"
"Macaíba (RN)";"15819";"15";"60";"-";"-";"16191";"10";"60";"-";"-";"15446";"10";"80";"-";"-";"14288";"6";"20";"-";"-";"12992";"6";"20";"-";"-";"10016";"-";"20";"-";"-";"10667";"-";"630";"-";"-";"9807";"-";"20";"-";"-";"4017";"-";"20";"-";"-";"3767";"-";"20";"-";"-";"3957";"-";"60";"-";"-"
"Macau (RN)";"515";"-";"-";"0";"150";"1125";"-";"-";"10";"150";"388";"-";"-";"-";"250";"323";"-";"-";"-";"180";"790";"-";"-";"-";"300";"855";"-";"-";"-";"390";"690";"-";"-";"-";"300";"773";"-";"-";"-";"383";"580";"-";"-";"5";"345";"525";"-";"-";"9";"250";"622";"-";"-";"6";"250"
"Major Sales (RN)";"486";"-";"30";"-";"-";"658";"-";"15";"-";"-";"477";"-";"15";"-";"-";"499";"-";"-";"-";"-";"632";"-";"15";"-";"-";"137";"-";"15";"-";"-";"113";"-";"15";"-";"-";"698";"-";"20";"-";"-";"998";"-";"20";"-";"-";"334";"-";"3";"-";"-";"369";"-";"20";"-";"-"
"Marcelino Vieira (RN)";"882";"-";"15";"-";"-";"1189";"-";"20";"-";"-";"888";"-";"-";"-";"-";"900";"-";"5";"-";"-";"1070";"-";"8";"-";"-";"826";"-";"-";"-";"-";"412";"-";"-";"-";"-";"840";"-";"-";"-";"-";"811";"-";"1";"-";"-";"817";"-";"1";"-";"-";"788";"-";"1";"-";"-"
"Martins (RN)";"1551";"-";"30";"-";"-";"1751";"-";"25";"-";"-";"1611";"-";"5";"-";"-";"1432";"-";"-";"-";"-";"1604";"-";"15";"-";"-";"1541";"-";"15";"-";"-";"656";"-";"2";"-";"-";"422";"-";"2";"-";"-";"659";"-";"2";"-";"-";"486";"-";"2";"-";"-";"527";"-";"2";"-";"-"
"Maxaranguape (RN)";"1491";"-";"80";"-";"-";"1344";"-";"1";"-";"-";"585";"17";"20";"-";"-";"662";"7";"20";"-";"-";"710";"8";"-";"-";"-";"683";"4";"-";"-";"-";"618";"4";"-";"10";"-";"2087";"-";"330";"40";"-";"2024";"-";"350";"20";"-";"2107";"-";"350";"20";"-";"2127";"-";"350";"20";"-"
"Messias Targino (RN)";"12";"-";"2";"-";"-";"216";"-";"2";"-";"-";"30";"-";"2";"-";"-";"204";"-";"2";"-";"-";"206";"-";"2";"-";"-";"231";"-";"2";"-";"-";"251";"-";"1";"-";"-";"288";"-";"1";"-";"-";"268";"-";"1";"-";"-";"308";"-";"-";"-";"-";"348";"-";"-";"-";"-"
"Montanhas (RN)";"644";"-";"120";"-";"-";"706";"-";"120";"-";"-";"498";"-";"120";"-";"-";"653";"-";"120";"-";"-";"524";"-";"120";"-";"-";"518";"-";"120";"-";"-";"522";"-";"120";"-";"-";"540";"-";"120";"-";"-";"405";"-";"120";"-";"-";"205";"-";"15";"-";"-";"180";"-";"15";"-";"-"
"Monte Alegre (RN)";"1149";"1";"50";"-";"-";"1297";"1";"50";"-";"-";"1566";"-";"50";"-";"-";"796";"-";"50";"-";"-";"771";"-";"75";"-";"-";"815";"-";"50";"-";"-";"705";"-";"50";"-";"-";"805";"-";"50";"-";"-";"755";"-";"50";"-";"-";"655";"-";"50";"-";"-";"705";"-";"50";"-";"-"
"Monte das Gameleiras (RN)";"180";"-";"-";"-";"-";"1355";"-";"-";"-";"-";"142";"-";"-";"-";"-";"306";"-";"-";"-";"-";"499";"-";"-";"-";"-";"902";"-";"-";"-";"-";"701";"-";"-";"-";"-";"601";"-";"-";"-";"-";"668";"-";"-";"-";"-";"896";"-";"-";"-";"-";"962";"-";"-";"-";"-"
"Mossoró (RN)";"15799";"-";"-";"1400";"6000";"26900";"-";"-";"1200";"6200";"17426";"-";"-";"1200";"6300";"19193";"-";"-";"1200";"6300";"18178";"-";"-";"1900";"6300";"21778";"-";"-";"2000";"6750";"15394";"-";"-";"1500";"8000";"16099";"-";"-";"2000";"8000";"17679";"-";"-";"2000";"7800";"18029";"-";"-";"2000";"7800";"19469";"-";"-";"2500";"8300"
"Natal (RN)";"...";"...";"...";"...";"...";"...";"...";"...";"...";"...";"...";"...";"...";"...";"...";"...";"...";"...";"...";"...";"...";"...";"...";"...";"...";"...";"...";"...";"...";"...";"...";"...";"...";"...";"...";"...";"...";"...";"...";"...";"...";"...";"...";"...";"...";"...";"...";"...";"...";"...";"...";"...";"...";"...";"..."
"Nísia Floresta (RN)";"4263";"-";"713";"-";"-";"4370";"-";"720";"-";"-";"3383";"-";"750";"-";"-";"3373";"-";"750";"-";"-";"3273";"-";"750";"-";"-";"3123";"-";"750";"-";"-";"3303";"-";"750";"-";"-";"3363";"-";"750";"-";"-";"3403";"-";"750";"-";"-";"3423";"-";"750";"-";"-";"3423";"-";"750";"-";"-"
"Nova Cruz (RN)";"2021";"5";"713";"-";"-";"2021";"5";"713";"-";"-";"1436";"5";"713";"-";"-";"1543";"5";"750";"-";"-";"1433";"5";"750";"-";"-";"1147";"-";"400";"-";"-";"987";"-";"400";"-";"-";"737";"-";"400";"-";"-";"962";"-";"250";"-";"-";"847";"-";"250";"-";"-";"847";"-";"250";"-";"-"
"Olho d'Água do Borges (RN)";"58";"-";"-";"4";"-";"791";"-";"-";"4";"-";"157";"-";"-";"4";"-";"221";"-";"-";"6";"-";"230";"-";"-";"-";"-";"457";"-";"-";"-";"-";"212";"-";"-";"-";"-";"272";"-";"-";"-";"-";"1020";"-";"-";"-";"-";"1112";"-";"-";"-";"-";"1212";"-";"-";"-";"-"
"Ouro Branco (RN)";"262";"-";"2";"0";"-";"571";"-";"2";"8";"-";"82";"-";"2";"2";"-";"88";"-";"2";"2";"-";"152";"-";"-";"2";"-";"142";"-";"-";"1";"-";"238";"-";"-";"1";"-";"197";"-";"-";"-";"-";"197";"-";"-";"-";"-";"182";"-";"2";"5";"1";"176";"-";"-";"2";"-"
"Paraná (RN)";"460";"-";"15";"-";"-";"661";"-";"8";"-";"-";"449";"-";"-";"-";"-";"515";"-";"-";"-";"-";"713";"-";"10";"-";"-";"230";"-";"5";"-";"-";"127";"-";"-";"-";"-";"550";"-";"-";"-";"-";"600";"-";"-";"-";"-";"625";"-";"1";"-";"-";"665";"-";"1";"-";"-"
"Paraú (RN)";"80";"-";"-";"-";"-";"200";"-";"-";"-";"-";"10";"-";"-";"-";"-";"15";"-";"-";"-";"-";"200";"-";"-";"-";"-";"120";"-";"-";"-";"-";"160";"-";"-";"-";"-";"200";"-";"-";"-";"-";"180";"-";"-";"-";"-";"300";"-";"-";"-";"-";"180";"-";"-";"-";"-"
"Parazinho (RN)";"806";"2";"-";"0";"15";"1024";"2";"-";"10";"40";"341";"-";"-";"10";"-";"707";"2";"-";"20";"20";"442";"2";"-";"20";"20";"620";"-";"-";"-";"20";"620";"-";"-";"-";"20";"405";"-";"-";"-";"20";"497";"-";"-";"-";"20";"517";"-";"-";"-";"-";"637";"-";"-";"-";"20"
"Parelhas (RN)";"306";"-";"-";"2";"0";"791";"-";"-";"5";"2";"793";"-";"-";"2";"1";"88";"-";"-";"-";"-";"720";"-";"-";"3";"1";"643";"-";"-";"-";"-";"450";"-";"-";"4";"-";"546";"-";"-";"6";"-";"750";"-";"-";"3";"-";"679";"-";"-";"10";"-";"429";"-";"-";"6";"-"
"Rio do Fogo (RN)";"1758";"-";"-";"-";"-";"1580";"10";"-";"-";"-";"1388";"10";"-";"-";"-";"1702";"10";"-";"-";"-";"1725";"10";"-";"-";"-";"1450";"10";"-";"-";"-";"1234";"5";"-";"-";"-";"3034";"1";"-";"-";"-";"3011";"-";"-";"5";"-";"2511";"-";"-";"15";"-";"2504";"-";"-";"5";"-"
"Passa e Fica (RN)";"1029";"-";"-";"-";"-";"3147";"-";"-";"-";"-";"1932";"-";"-";"-";"-";"1635";"-";"-";"-";"-";"1024";"-";"-";"-";"-";"1258";"-";"-";"-";"-";"1063";"-";"-";"-";"-";"837";"-";"-";"-";"-";"1701";"-";"-";"-";"-";"1801";"-";"-";"-";"-";"1698";"-";"-";"-";"-"
"Passagem (RN)";"602";"-";"15";"-";"-";"690";"-";"15";"-";"-";"750";"-";"15";"-";"-";"195";"-";"15";"-";"-";"211";"-";"15";"-";"-";"292";"-";"15";"-";"-";"267";"-";"15";"-";"-";"245";"-";"15";"-";"-";"285";"-";"15";"-";"-";"180";"-";"15";"-";"-";"210";"-";"15";"-";"-"
"Patu (RN)";"20";"-";"0";"-";"-";"837";"-";"-";"-";"-";"173";"-";"-";"-";"-";"779";"-";"-";"-";"-";"867";"-";"-";"-";"-";"414";"-";"-";"-";"-";"329";"-";"-";"-";"-";"413";"-";"-";"-";"-";"518";"-";"-";"-";"-";"798";"-";"-";"-";"-";"768";"-";"-";"-";"-"
"Santa Maria (RN)";"652";"-";"-";"-";"-";"833";"-";"-";"-";"-";"107";"-";"-";"-";"-";"751";"-";"-";"-";"-";"420";"-";"-";"-";"-";"624";"-";"-";"-";"-";"577";"-";"-";"-";"-";"426";"-";"-";"-";"-";"419";"-";"-";"-";"-";"619";"-";"-";"-";"-";"628";"-";"-";"-";"-"
"Pau dos Ferros (RN)";"557";"-";"0";"-";"-";"522";"-";"-";"-";"-";"465";"-";"-";"-";"-";"267";"-";"-";"-";"-";"688";"-";"-";"-";"-";"308";"-";"-";"-";"-";"1019";"-";"-";"-";"-";"879";"-";"-";"-";"-";"583";"-";"-";"-";"-";"919";"-";"1";"-";"-";"1014";"-";"1";"-";"-"
"Pedra Grande (RN)";"214";"15";"-";"5";"35";"575";"-";"-";"10";"30";"174";"3";"-";"6";"20";"238";"-";"-";"-";"-";"315";"-";"-";"10";"-";"325";"-";"-";"-";"-";"145";"-";"-";"10";"-";"180";"-";"-";"15";"-";"385";"-";"-";"40";"-";"395";"-";"-";"40";"-";"285";"-";"-";"40";"-"
"Pedra Preta (RN)";"630";"-";"-";"-";"-";"1200";"-";"-";"-";"-";"445";"-";"-";"-";"-";"1000";"-";"-";"-";"-";"1700";"-";"-";"-";"-";"820";"-";"-";"-";"-";"1700";"-";"-";"-";"-";"710";"-";"-";"-";"-";"1100";"-";"-";"-";"-";"1110";"-";"-";"-";"-";"950";"-";"-";"-";"-"
"Pedro Avelino (RN)";"420";"-";"-";"-";"-";"1510";"-";"-";"-";"-";"70";"-";"-";"-";"35";"255";"-";"-";"-";"35";"387";"-";"-";"-";"61";"506";"-";"-";"-";"-";"600";"-";"-";"-";"-";"300";"-";"-";"-";"-";"430";"-";"-";"-";"-";"750";"-";"-";"-";"-";"650";"-";"-";"-";"-"
"Pedro Velho (RN)";"4066";"-";"2400";"-";"-";"3786";"-";"2400";"-";"-";"3397";"-";"2400";"-";"-";"3416";"-";"2400";"-";"-";"3488";"-";"2400";"-";"-";"3082";"-";"2400";"-";"-";"3108";"-";"2400";"-";"-";"3103";"-";"2400";"-";"-";"3205";"-";"2400";"30";"-";"3155";"-";"2400";"30";"-";"3195";"-";"2400";"20";"-"
"Pendências (RN)";"327";"-";"-";"5";"-";"729";"-";"-";"5";"-";"65";"-";"-";"12";"-";"255";"-";"-";"10";"-";"180";"-";"-";"-";"-";"252";"-";"-";"-";"-";"332";"-";"-";"-";"-";"583";"-";"-";"4";"2";"768";"-";"-";"4";"-";"1054";"-";"-";"3";"-";"1208";"-";"-";"4";"4"
"Pilões (RN)";"735";"-";"0";"-";"-";"498";"-";"2";"-";"-";"281";"-";"-";"-";"-";"261";"-";"-";"-";"-";"603";"-";"2";"-";"-";"91";"-";"-";"-";"-";"381";"-";"-";"-";"-";"725";"-";"-";"-";"-";"627";"-";"-";"-";"-";"402";"-";"1";"-";"-";"422";"-";"1";"-";"-"
"Poço Branco (RN)";"1416";"-";"300";"-";"-";"1301";"-";"300";"-";"-";"961";"-";"100";"-";"-";"1206";"-";"-";"-";"-";"1259";"-";"-";"-";"-";"1036";"-";"-";"-";"-";"1250";"-";"-";"-";"-";"1153";"-";"-";"-";"-";"1347";"-";"-";"-";"-";"1647";"-";"-";"-";"-";"1685";"-";"-";"-";"-"
"Portalegre (RN)";"2694";"-";"0";"-";"-";"3028";"-";"5";"-";"-";"3013";"-";"5";"-";"-";"2651";"-";"-";"-";"-";"2913";"-";"5";"-";"-";"1996";"-";"-";"-";"-";"894";"-";"3";"-";"-";"912";"-";"2";"-";"-";"800";"-";"2";"-";"-";"749";"-";"2";"-";"-";"801";"-";"4";"-";"-"
"Porto do Mangue (RN)";"1010";"-";"-";"60";"-";"1800";"-";"-";"150";"-";"1000";"-";"-";"200";"-";"905";"-";"-";"150";"-";"2500";"-";"-";"340";"-";"1657";"-";"-";"177";"-";"800";"-";"-";"100";"-";"1370";"-";"-";"485";"-";"843";"-";"-";"329";"-";"1620";"-";"-";"726";"-";"1302";"-";"-";"387";"-"
"Serra Caiada (RN)";"2569";"-";"-";"-";"-";"2502";"-";"-";"-";"-";"1924";"-";"-";"-";"-";"1500";"-";"-";"-";"-";"925";"-";"-";"-";"-";"1767";"-";"-";"-";"-";"1067";"-";"-";"-";"-";"817";"-";"-";"-";"-";"1325";"-";"-";"-";"-";"2194";"-";"-";"-";"-";"2802";"-";"-";"-";"-"
"Pureza (RN)";"3530";"15";"2050";"-";"-";"3707";"120";"2150";"-";"-";"2885";"40";"1500";"-";"-";"3707";"120";"2150";"-";"-";"2924";"120";"190";"-";"-";"2905";"230";"190";"15";"-";"3494";"130";"800";"4";"-";"6957";"120";"3000";"35";"-";"7648";"150";"3200";"15";"-";"6938";"120";"3100";"5";"-";"7446";"120";"3600";"8";"-"
"Rafael Fernandes (RN)";"524";"-";"-";"-";"-";"801";"-";"-";"-";"-";"656";"-";"-";"-";"-";"664";"-";"-";"-";"-";"347";"-";"-";"-";"-";"129";"-";"-";"-";"-";"76";"-";"-";"-";"-";"206";"-";"-";"-";"-";"301";"-";"-";"-";"-";"211";"-";"1";"-";"-";"198";"-";"3";"-";"-"
"Rafael Godeiro (RN)";"203";"-";"-";"-";"-";"327";"-";"-";"-";"-";"481";"-";"-";"-";"-";"483";"-";"-";"-";"-";"334";"-";"6";"-";"-";"222";"-";"-";"-";"-";"322";"-";"-";"-";"-";"422";"-";"-";"-";"-";"272";"-";"-";"10";"-";"468";"-";"1";"10";"-";"581";"-";"9";"18";"-"
"Riacho da Cruz (RN)";"291";"-";"-";"-";"-";"482";"-";"8";"-";"-";"472";"-";"-";"-";"-";"440";"-";"-";"-";"-";"432";"-";"8";"-";"-";"419";"-";"2";"-";"-";"347";"-";"-";"-";"-";"140";"-";"-";"-";"-";"320";"-";"-";"-";"-";"295";"-";"4";"-";"-";"305";"-";"4";"-";"-"
"Riacho de Santana (RN)";"400";"-";"-";"-";"-";"594";"-";"6";"-";"-";"385";"-";"-";"-";"-";"511";"-";"-";"-";"-";"797";"-";"2";"-";"-";"495";"-";"-";"-";"-";"419";"-";"-";"-";"-";"347";"-";"-";"-";"-";"546";"-";"-";"-";"-";"457";"-";"1";"1";"-";"476";"-";"1";"1";"-"
"Riachuelo (RN)";"740";"-";"-";"-";"-";"999";"-";"-";"-";"-";"211";"-";"-";"-";"-";"1726";"-";"-";"-";"-";"247";"-";"-";"-";"-";"946";"-";"-";"-";"-";"551";"-";"-";"-";"-";"501";"-";"-";"-";"-";"576";"-";"-";"-";"-";"946";"-";"-";"-";"-";"951";"-";"-";"-";"-"
"Rodolfo Fernandes (RN)";"551";"-";"-";"-";"-";"979";"-";"-";"-";"-";"587";"-";"-";"-";"-";"816";"-";"-";"-";"-";"765";"-";"-";"-";"-";"209";"-";"-";"-";"-";"491";"-";"-";"-";"-";"550";"-";"-";"-";"-";"558";"-";"-";"-";"-";"464";"-";"-";"-";"-";"509";"-";"-";"-";"-"
"Tibau (RN)";"201";"-";"-";"2";"15";"616";"-";"-";"5";"20";"302";"-";"-";"5";"20";"619";"-";"-";"8";"20";"958";"-";"-";"8";"500";"1985";"-";"-";"80";"1500";"2420";"-";"-";"50";"2000";"2420";"-";"-";"50";"2000";"2790";"-";"-";"400";"2020";"2640";"-";"-";"60";"2200";"2980";"-";"-";"60";"2500"
"Ruy Barbosa (RN)";"432";"-";"-";"-";"-";"1526";"-";"-";"-";"-";"198";"-";"-";"-";"-";"868";"-";"-";"-";"-";"406";"-";"-";"-";"-";"842";"-";"-";"-";"-";"594";"-";"-";"-";"-";"314";"-";"-";"-";"-";"338";"-";"-";"-";"-";"638";"-";"-";"-";"-";"644";"-";"-";"-";"-"
"Santa Cruz (RN)";"4364";"-";"-";"-";"-";"4469";"-";"-";"-";"-";"534";"-";"-";"-";"-";"1811";"-";"-";"-";"-";"697";"-";"-";"-";"-";"3093";"-";"-";"-";"-";"1948";"-";"-";"-";"-";"928";"-";"-";"-";"-";"2017";"-";"-";"-";"-";"2572";"-";"-";"-";"-";"2393";"-";"-";"3";"-"
"Santana do Matos (RN)";"850";"-";"-";"0";"-";"1710";"-";"-";"10";"-";"1095";"-";"-";"20";"-";"615";"-";"-";"10";"-";"1578";"-";"-";"-";"-";"1728";"-";"-";"-";"-";"1802";"-";"-";"-";"-";"4260";"-";"-";"-";"-";"4010";"-";"-";"-";"-";"3570";"-";"-";"20";"-";"3035";"-";"-";"5";"-"
"Santana do Seridó (RN)";"139";"-";"-";"-";"-";"146";"-";"-";"1";"-";"115";"-";"-";"1";"-";"8";"-";"-";"-";"-";"152";"-";"-";"-";"-";"152";"-";"-";"-";"-";"208";"-";"-";"-";"-";"261";"-";"-";"-";"-";"192";"-";"-";"-";"-";"311";"-";"-";"100";"-";"117";"-";"-";"10";"-"
"Santo Antônio (RN)";"2011";"-";"-";"-";"-";"2725";"-";"-";"-";"-";"1021";"-";"-";"-";"-";"1631";"-";"-";"-";"-";"956";"-";"-";"-";"-";"662";"-";"-";"-";"-";"1337";"-";"-";"-";"-";"987";"-";"-";"-";"-";"3737";"-";"-";"-";"-";"3737";"-";"-";"-";"-";"3737";"-";"-";"-";"-"
"São Bento do Norte (RN)";"590";"-";"-";"-";"8";"835";"-";"-";"6";"8";"339";"-";"-";"-";"-";"712";"-";"-";"10";"8";"674";"-";"-";"8";"8";"1072";"-";"-";"8";"8";"831";"-";"-";"8";"8";"1064";"-";"-";"5";"2";"586";"-";"-";"6";"5";"600";"-";"-";"-";"-";"557";"-";"-";"5";"-"
"São Bento do Trairí (RN)";"156";"-";"-";"-";"-";"1278";"-";"-";"-";"-";"109";"-";"-";"-";"-";"208";"-";"-";"-";"-";"456";"-";"-";"-";"-";"855";"-";"-";"-";"-";"558";"-";"-";"-";"-";"456";"-";"-";"-";"-";"654";"-";"-";"-";"-";"1034";"-";"-";"-";"-";"668";"-";"-";"-";"-"
"São Fernando (RN)";"111";"-";"3";"4";"-";"288";"-";"3";"4";"-";"153";"-";"3";"2";"-";"166";"-";"3";"2";"-";"245";"-";"3";"5";"-";"194";"-";"3";"-";"-";"321";"-";"-";"10";"-";"321";"-";"-";"10";"-";"329";"-";"-";"10";"-";"159";"-";"-";"13";"-";"203";"-";"-";"23";"-"
"São Francisco do Oeste (RN)";"98";"-";"6";"-";"-";"600";"-";"6";"-";"-";"446";"-";"-";"-";"-";"437";"-";"-";"-";"-";"414";"-";"-";"-";"-";"240";"-";"-";"-";"-";"255";"-";"-";"-";"-";"734";"-";"-";"-";"-";"314";"-";"-";"-";"-";"412";"-";"-";"-";"-";"396";"-";"-";"-";"-"
"São Gonçalo do Amarante (RN)";"4597";"60";"2530";"-";"-";"2977";"6";"-";"-";"-";"1486";"6";"-";"-";"-";"2406";"6";"-";"-";"-";"1621";"-";"-";"-";"-";"1519";"-";"-";"-";"-";"1501";"-";"-";"-";"-";"1939";"-";"300";"-";"-";"1739";"-";"100";"-";"-";"1739";"-";"100";"-";"-";"1739";"-";"100";"-";"-"
"São João do Sabugi (RN)";"76";"-";"-";"1";"-";"736";"-";"-";"182";"-";"95";"-";"-";"-";"-";"73";"-";"-";"-";"-";"304";"-";"-";"5";"1";"281";"-";"-";"-";"-";"284";"-";"-";"8";"-";"249";"-";"-";"5";"5";"286";"-";"-";"5";"-";"252";"-";"-";"4";"-";"243";"-";"-";"4";"-"
"São José de Mipibu (RN)";"7275";"10";"4525";"-";"70";"7683";"3";"4525";"-";"70";"7005";"-";"4525";"-";"70";"6755";"-";"4525";"-";"-";"5954";"-";"4525";"-";"-";"5895";"-";"4525";"-";"-";"5819";"-";"4525";"-";"-";"5854";"-";"4530";"-";"-";"5880";"-";"4530";"-";"-";"5880";"-";"4530";"-";"-";"5870";"-";"4530";"-";"-"
"São José do Campestre (RN)";"347";"-";"-";"-";"-";"2086";"-";"-";"-";"-";"894";"-";"-";"-";"-";"1036";"-";"-";"-";"-";"836";"-";"-";"-";"-";"3031";"-";"-";"-";"-";"1735";"-";"-";"-";"-";"733";"-";"-";"-";"-";"920";"-";"-";"-";"-";"4146";"-";"-";"-";"-";"4155";"-";"-";"-";"-"
"São José do Seridó (RN)";"233";"-";"-";"10";"1";"384";"-";"-";"17";"-";"99";"-";"-";"2";"-";"69";"-";"-";"2";"-";"233";"-";"-";"10";"-";"364";"-";"-";"12";"-";"211";"-";"-";"20";"-";"211";"-";"-";"-";"-";"129";"-";"-";"-";"-";"440";"-";"-";"20";"-";"360";"-";"-";"50";"-"
"São Miguel (RN)";"4671";"-";"10";"-";"-";"3324";"-";"25";"-";"-";"3206";"-";"13";"-";"-";"2665";"-";"-";"-";"-";"1749";"-";"15";"-";"-";"1611";"-";"-";"-";"-";"1612";"-";"7";"-";"-";"2103";"-";"7";"-";"-";"3648";"-";"3";"-";"-";"2150";"-";"7";"-";"-";"2237";"-";"9";"-";"-"
"São Miguel do Gostoso (RN)";"8204";"-";"-";"-";"10";"9865";"340";"-";"-";"-";"5620";"760";"-";"-";"10";"1167";"340";"-";"-";"-";"1840";"210";"-";"-";"-";"1150";"260";"-";"-";"5";"977";"265";"-";"-";"5";"984";"165";"-";"-";"5";"2667";"200";"-";"-";"25";"2172";"200";"-";"-";"25";"2358";"200";"-";"-";"25"
"São Paulo do Potengi (RN)";"2789";"-";"-";"-";"-";"2000";"-";"-";"-";"-";"837";"-";"-";"-";"-";"1853";"-";"-";"-";"-";"546";"-";"-";"-";"-";"1192";"-";"-";"-";"-";"1147";"-";"-";"-";"-";"546";"-";"-";"-";"-";"1042";"-";"-";"-";"-";"1840";"-";"-";"-";"-";"1692";"-";"-";"-";"-"
"São Pedro (RN)";"411";"-";"-";"-";"-";"1916";"-";"-";"-";"-";"991";"-";"-";"-";"-";"1108";"-";"-";"-";"-";"1053";"-";"-";"-";"-";"1072";"-";"-";"-";"-";"909";"-";"-";"-";"-";"986";"-";"-";"-";"-";"1397";"-";"-";"-";"-";"1402";"-";"-";"-";"-";"1406";"-";"-";"-";"-"
"São Rafael (RN)";"100";"-";"-";"-";"-";"200";"-";"-";"-";"-";"210";"-";"-";"-";"-";"8";"-";"-";"-";"-";"170";"-";"-";"-";"-";"180";"-";"-";"-";"-";"110";"-";"-";"-";"-";"325";"-";"-";"-";"-";"180";"-";"-";"-";"-";"500";"-";"-";"-";"-";"270";"-";"-";"-";"-"
"São Tomé (RN)";"547";"-";"-";"-";"-";"1263";"-";"-";"-";"-";"202";"-";"-";"-";"-";"1119";"-";"-";"-";"-";"729";"-";"-";"-";"-";"1865";"-";"-";"-";"-";"1021";"-";"-";"-";"-";"571";"-";"-";"-";"-";"655";"-";"-";"-";"-";"1121";"-";"-";"-";"-";"1141";"-";"-";"-";"-"
"São Vicente (RN)";"655";"-";"-";"2";"0";"1276";"-";"-";"3";"3";"831";"-";"-";"-";"-";"816";"-";"-";"-";"-";"1582";"-";"-";"15";"8";"1122";"-";"-";"-";"-";"1242";"-";"-";"-";"-";"1351";"-";"-";"5";"3";"1223";"-";"-";"5";"3";"737";"-";"-";"3";"-";"696";"-";"-";"2";"-"
"Senador Elói de Souza (RN)";"1735";"-";"-";"-";"-";"1850";"-";"-";"-";"-";"1673";"-";"-";"-";"-";"1406";"-";"-";"-";"-";"1481";"-";"-";"-";"-";"1306";"-";"-";"-";"-";"960";"-";"-";"-";"-";"650";"-";"-";"-";"-";"1426";"-";"-";"-";"-";"1403";"-";"-";"-";"-";"1964";"-";"-";"-";"-"
"Senador Georgino Avelino (RN)";"416";"-";"-";"-";"-";"414";"-";"-";"-";"-";"404";"-";"-";"-";"-";"191";"-";"-";"-";"-";"211";"-";"-";"-";"-";"232";"-";"-";"-";"-";"264";"-";"-";"-";"-";"264";"-";"-";"-";"-";"334";"-";"-";"-";"-";"304";"-";"-";"-";"-";"284";"-";"-";"-";"-"
"Serra de São Bento (RN)";"385";"-";"-";"-";"-";"473";"-";"-";"-";"-";"180";"-";"-";"-";"-";"411";"-";"-";"-";"-";"841";"-";"-";"-";"-";"755";"-";"-";"-";"-";"522";"-";"-";"-";"-";"472";"-";"-";"-";"-";"865";"-";"-";"-";"-";"937";"-";"-";"-";"-";"913";"-";"-";"-";"-"
"Serra do Mel (RN)";"28550";"-";"-";"500";"-";"33560";"-";"-";"2000";"-";"36756";"-";"-";"1516";"10";"36620";"-";"-";"600";"-";"36700";"-";"-";"600";"-";"31300";"-";"-";"700";"-";"31100";"-";"-";"350";"-";"39380";"-";"-";"3000";"-";"34920";"-";"-";"6000";"-";"32420";"-";"-";"5000";"-";"32500";"-";"-";"5000";"-"
"Serra Negra do Norte (RN)";"192";"-";"10";"20";"-";"609";"-";"6";"30";"-";"639";"-";"6";"-";"-";"71";"-";"6";"-";"-";"229";"-";"6";"-";"-";"179";"-";"6";"-";"-";"278";"-";"-";"50";"-";"225";"-";"-";"-";"-";"183";"-";"-";"14";"-";"787";"-";"-";"6";"-";"274";"-";"-";"4";"-"
"Serrinha (RN)";"495";"-";"-";"-";"-";"843";"-";"-";"-";"-";"453";"-";"-";"-";"-";"398";"-";"-";"-";"-";"308";"-";"-";"-";"-";"328";"-";"-";"-";"-";"215";"-";"-";"-";"-";"145";"-";"-";"-";"-";"135";"-";"-";"-";"-";"135";"-";"-";"-";"-";"400";"-";"-";"-";"-"
"Serrinha dos Pintos (RN)";"1180";"-";"8";"-";"-";"1435";"-";"8";"-";"-";"1317";"-";"-";"-";"-";"1210";"-";"-";"-";"-";"1368";"-";"2";"-";"-";"878";"-";"-";"-";"-";"516";"-";"-";"-";"-";"411";"-";"-";"-";"-";"411";"-";"-";"-";"-";"330";"-";"-";"-";"-";"303";"-";"-";"-";"-"
"Severiano Melo (RN)";"3505";"-";"5";"-";"-";"5282";"-";"-";"-";"-";"3867";"-";"-";"-";"-";"5220";"-";"-";"-";"-";"5560";"-";"-";"-";"-";"1600";"-";"-";"-";"-";"1816";"-";"-";"-";"-";"1806";"-";"-";"-";"-";"1056";"-";"-";"-";"-";"947";"-";"-";"-";"-";"987";"-";"-";"-";"-"
"Sítio Novo (RN)";"412";"-";"-";"-";"-";"769";"-";"-";"-";"-";"123";"-";"-";"-";"-";"130";"-";"-";"-";"-";"445";"-";"-";"-";"-";"545";"-";"-";"-";"-";"445";"-";"-";"-";"-";"323";"-";"-";"-";"-";"433";"-";"-";"-";"-";"640";"-";"-";"-";"-";"542";"-";"-";"-";"-"
"Taboleiro Grande (RN)";"291";"-";"5";"-";"-";"480";"-";"5";"-";"-";"293";"-";"-";"-";"-";"271";"-";"5";"-";"-";"379";"-";"8";"-";"-";"375";"-";"4";"-";"-";"371";"-";"2";"-";"-";"361";"-";"2";"-";"-";"332";"-";"2";"-";"-";"285";"-";"4";"-";"-";"287";"-";"4";"-";"-"
"Taipu (RN)";"4974";"-";"3700";"-";"-";"2830";"3";"1100";"-";"-";"1567";"3";"800";"-";"-";"2377";"3";"800";"-";"-";"2989";"10";"1300";"-";"-";"2200";"2";"1300";"-";"-";"1956";"-";"1400";"-";"-";"3195";"-";"1800";"-";"-";"2656";"-";"1800";"-";"-";"2730";"10";"1800";"-";"-";"4012";"12";"3000";"-";"-"
"Tangará (RN)";"1321";"-";"-";"-";"-";"434";"-";"-";"-";"-";"640";"-";"-";"-";"-";"601";"-";"-";"-";"-";"528";"-";"-";"-";"-";"1066";"-";"-";"-";"-";"618";"-";"-";"-";"-";"516";"-";"-";"-";"-";"679";"-";"-";"-";"-";"1072";"-";"-";"-";"-";"1080";"-";"-";"-";"-"
"Tenente Ananias (RN)";"587";"-";"0";"-";"-";"1188";"-";"40";"-";"-";"1027";"-";"20";"-";"-";"952";"-";"8";"-";"-";"842";"-";"8";"-";"-";"306";"-";"5";"-";"-";"305";"-";"3";"-";"-";"211";"-";"3";"-";"-";"411";"-";"3";"-";"-";"404";"-";"3";"-";"-";"440";"-";"3";"-";"-"
"Tenente Laurentino Cruz (RN)";"2034";"-";"-";"-";"-";"2554";"-";"-";"-";"-";"2740";"-";"-";"-";"-";"1262";"-";"-";"-";"-";"3912";"-";"-";"-";"-";"2112";"-";"-";"-";"-";"2292";"-";"-";"-";"-";"3242";"-";"-";"-";"-";"2616";"-";"-";"-";"-";"2638";"-";"-";"-";"-";"3031";"-";"-";"-";"-"
"Tibau do Sul (RN)";"2703";"-";"1748";"-";"-";"2697";"-";"1748";"-";"-";"2644";"-";"2000";"-";"-";"2821";"-";"2000";"-";"-";"2726";"-";"2000";"-";"-";"2601";"-";"2000";"-";"-";"2610";"-";"2000";"-";"-";"2595";"-";"2000";"-";"-";"2620";"-";"2000";"-";"-";"2600";"-";"2000";"-";"-";"2600";"-";"2000";"-";"-"
"Timbaúba dos Batistas (RN)";"30";"-";"5";"2";"1";"78";"-";"3";"3";"1";"50";"-";"3";"-";"-";"80";"-";"1";"2";"-";"87";"-";"1";"3";"-";"73";"-";"1";"-";"-";"118";"-";"1";"-";"-";"221";"-";"-";"-";"-";"318";"-";"-";"10";"-";"125";"-";"-";"3";"1";"70";"-";"-";"-";"-"
"Touros (RN)";"19882";"2500";"200";"-";"-";"17251";"3000";"200";"-";"-";"17190";"3350";"150";"-";"-";"13548";"2000";"-";"-";"-";"14524";"2000";"-";"30";"-";"12396";"1400";"-";"30";"1";"11286";"1000";"-";"30";"1";"10910";"1200";"-";"30";"-";"11997";"1200";"-";"30";"1";"11932";"1200";"-";"30";"1";"11920";"1200";"-";"40";"-"
"Triunfo Potiguar (RN)";"360";"-";"-";"-";"-";"440";"-";"-";"-";"-";"170";"-";"-";"-";"-";"425";"-";"-";"-";"-";"544";"-";"-";"-";"-";"338";"-";"-";"-";"-";"442";"-";"-";"-";"-";"485";"-";"-";"-";"-";"510";"-";"-";"-";"-";"393";"-";"-";"3";"-";"485";"-";"-";"5";"-"
"Umarizal (RN)";"167";"-";"-";"4";"-";"1166";"-";"-";"8";"-";"233";"-";"-";"3";"-";"628";"-";"-";"15";"-";"1038";"-";"-";"30";"-";"728";"-";"-";"20";"-";"298";"-";"-";"-";"-";"383";"-";"-";"-";"-";"666";"-";"-";"-";"-";"681";"-";"-";"-";"-";"711";"-";"-";"-";"-"
"Upanema (RN)";"1190";"-";"-";"30";"50";"3520";"-";"-";"15";"20";"2605";"-";"-";"240";"23";"499";"-";"-";"50";"15";"745";"-";"-";"50";"15";"325";"-";"-";"80";"40";"760";"-";"-";"200";"150";"3460";"-";"-";"200";"150";"1315";"-";"-";"150";"180";"1900";"-";"-";"50";"70";"1970";"-";"-";"60";"80"
"Várzea (RN)";"549";"-";"-";"-";"-";"631";"-";"-";"-";"-";"305";"-";"-";"-";"-";"655";"-";"-";"-";"-";"595";"-";"-";"-";"-";"390";"-";"-";"-";"-";"250";"-";"-";"-";"-";"210";"-";"-";"-";"-";"210";"-";"-";"-";"-";"180";"-";"-";"-";"-";"180";"-";"-";"-";"-"
"Venha-Ver (RN)";"298";"-";"5";"-";"-";"525";"-";"3";"-";"-";"752";"-";"3";"-";"-";"666";"-";"-";"-";"-";"1081";"-";"3";"-";"-";"1361";"-";"25";"-";"-";"1112";"-";"15";"-";"-";"1034";"-";"15";"-";"-";"1091";"-";"15";"-";"-";"807";"-";"10";"-";"-";"761";"-";"10";"-";"-"
"Vera Cruz (RN)";"2790";"10";"17";"-";"-";"4175";"10";"-";"-";"-";"2380";"10";"-";"-";"-";"2680";"10";"-";"-";"-";"2760";"10";"-";"-";"-";"2671";"1";"-";"-";"-";"900";"-";"-";"-";"-";"2400";"-";"-";"-";"-";"2400";"-";"-";"-";"-";"2400";"-";"-";"-";"-";"2400";"-";"-";"-";"-"
"Viçosa (RN)";"236";"-";"30";"-";"-";"288";"-";"30";"-";"-";"215";"-";"-";"-";"-";"182";"-";"-";"-";"-";"362";"-";"-";"-";"-";"360";"-";"-";"-";"-";"358";"-";"-";"-";"-";"454";"-";"-";"-";"-";"471";"-";"-";"-";"-";"151";"-";"-";"-";"-";"160";"-";"-";"-";"-"
"Vila Flor (RN)";"925";"-";"600";"-";"-";"985";"-";"600";"-";"-";"885";"-";"600";"-";"-";"961";"-";"600";"-";"-";"921";"-";"600";"-";"-";"879";"-";"615";"-";"-";"410";"-";"365";"-";"-";"415";"-";"370";"-";"-";"420";"-";"370";"-";"-";"425";"-";"370";"-";"-";"425";"-";"370";"-";"-"
"Mossoró (RN)";"54283";"-";"-";"2506";"7215";"72684";"-";"-";"3351";"7620";"65721";"-";"-";"5289";"8330";"70017";"-";"-";"4166";"8320";"66624";"-";"-";"4068";"7485";"64206";"-";"-";"4092";"8850";"56610";"-";"-";"2910";"10500";"64868";"-";"-";"6260";"10500";"65709";"-";"-";"13410";"10320";"67569";"-";"-";"12070";"10550";"69943";"-";"-";"12570";"11400"
"Chapada do Apodi (RN)";"15526";"-";"-";"177";"115";"34398";"-";"-";"88";"5";"16894";"-";"-";"102";"35";"21140";"-";"-";"130";"45";"20152";"-";"-";"161";"53";"18018";"-";"-";"210";"213";"13876";"-";"-";"990";"1302";"13960";"-";"-";"1035";"1442";"10053";"-";"-";"1085";"1066";"10890";"-";"-";"1085";"1216";"11724";"-";"-";"1105";"1255"
"Médio Oeste (RN)";"2867";"-";"3";"30";"50";"6841";"-";"3";"15";"20";"4188";"-";"3";"240";"23";"2552";"-";"3";"50";"15";"3118";"-";"2";"50";"15";"2667";"-";"2";"80";"40";"2326";"-";"1";"200";"150";"5507";"-";"1";"204";"150";"2909";"-";"1";"160";"180";"3747";"-";"-";"68";"70";"4254";"-";"-";"80";"80"
"Vale do Açu (RN)";"9281";"-";"-";"210";"55";"12891";"-";"-";"361";"62";"6176";"-";"-";"342";"50";"6948";"-";"-";"320";"65";"11494";"-";"-";"516";"20";"9720";"-";"-";"422";"40";"10097";"-";"-";"385";"482";"8873";"-";"-";"679";"68";"10908";"-";"-";"752";"105";"13221";"-";"-";"1313";"115";"12274";"-";"2";"716";"109"
"Serra de São Miguel (RN)";"10526";"-";"167";"-";"-";"10544";"-";"161";"-";"-";"9409";"-";"143";"-";"-";"8298";"-";"16";"-";"-";"9341";"-";"114";"-";"-";"6009";"-";"77";"-";"-";"5897";"-";"72";"-";"-";"6825";"-";"44";"-";"-";"9616";"-";"50";"-";"-";"6807";"-";"33";"1";"-";"6994";"-";"51";"1";"-"
"Pau dos Ferros (RN)";"13199";"-";"84";"0";"-";"19720";"-";"145";"-";"-";"15192";"-";"34";"-";"-";"17056";"-";"23";"-";"-";"19520";"-";"63";"-";"-";"9434";"-";"26";"-";"-";"9680";"-";"18";"-";"-";"10534";"-";"7";"-";"-";"10512";"-";"9";"-";"-";"10214";"-";"20";"-";"-";"10554";"-";"25";"-";"-"
"Umarizal (RN)";"5259";"-";"92";"17";"-";"9572";"-";"114";"21";"-";"6837";"-";"39";"7";"-";"7430";"-";"11";"21";"-";"8591";"-";"75";"30";"-";"6328";"-";"98";"20";"-";"4130";"-";"31";"-";"-";"4396";"-";"22";"-";"-";"6006";"-";"15";"10";"-";"6275";"-";"54";"10";"-";"6601";"-";"46";"18";"-"
"Macau (RN)";"6930";"-";"-";"20";"338";"8093";"-";"-";"33";"358";"6006";"-";"-";"17";"430";"5319";"-";"-";"15";"368";"5553";"-";"-";"38";"508";"6528";"-";"-";"113";"683";"5196";"-";"-";"113";"488";"5517";"-";"-";"105";"705";"4658";"-";"-";"76";"700";"5839";"-";"-";"29";"450";"5617";"-";"-";"81";"380"
"Angicos (RN)";"2755";"-";"-";"10";"10";"5864";"-";"-";"70";"30";"2181";"-";"-";"15";"43";"3419";"-";"-";"12";"40";"5399";"-";"-";"-";"101";"4026";"-";"-";"40";"78";"6189";"-";"-";"90";"207";"4115";"-";"-";"100";"200";"6849";"-";"-";"200";"300";"5907";"-";"-";"200";"120";"4948";"-";"-";"100";"300"
"Serra de Santana (RN)";"23826";"-";"-";"7";"0";"26550";"-";"-";"18";"33";"25052";"-";"-";"20";"-";"15114";"-";"-";"10";"-";"26588";"-";"-";"15";"8";"22741";"-";"-";"-";"-";"20148";"-";"-";"2";"-";"25139";"-";"-";"7";"3";"26264";"-";"-";"9";"3";"28202";"-";"2";"29";"-";"25913";"-";"-";"28";"-"
"Seridó Ocidental (RN)";"839";"-";"48";"41";"21";"3109";"-";"47";"248";"8";"2037";"-";"55";"6";"5";"1415";"-";"51";"6";"2";"1666";"-";"13";"15";"3";"1267";"-";"13";"8";"4";"1718";"-";"2";"72";"5";"1887";"-";"-";"15";"5";"2076";"-";"-";"39";"-";"1975";"-";"-";"36";"1";"1175";"-";"-";"37";"-"
"Seridó Oriental (RN)";"2770";"-";"2";"30";"5";"4578";"-";"2";"80";"36";"2388";"-";"2";"37";"31";"1201";"-";"2";"14";"10";"4293";"-";"-";"77";"32";"3203";"-";"-";"33";"10";"3604";"-";"-";"72";"8";"3510";"-";"-";"19";"20";"3557";"-";"-";"116";"22";"3590";"-";"2";"210";"12";"2275";"-";"-";"76";"-"
"Baixa Verde (RN)";"8610";"52";"300";"10";"19";"10349";"3";"300";"20";"55";"6225";"-";"100";"20";"15";"7752";"2";"-";"30";"35";"5172";"2";"-";"30";"35";"4552";"-";"-";"10";"35";"4296";"-";"-";"10";"35";"3549";"-";"-";"10";"35";"3934";"-";"-";"20";"150";"4382";"-";"-";"30";"120";"4604";"-";"-";"30";"120"
"Borborema Potiguar (RN)";"17126";"-";"-";"-";"-";"23280";"-";"-";"-";"-";"5588";"-";"-";"-";"-";"12107";"-";"-";"-";"-";"10367";"-";"-";"-";"-";"19462";"-";"-";"-";"-";"13178";"-";"-";"-";"-";"8237";"-";"-";"-";"-";"12461";"-";"-";"-";"-";"18747";"-";"-";"2";"-";"17465";"-";"-";"5";"-"
"Agreste Potiguar (RN)";"37773";"616";"3695";"-";"-";"47232";"616";"4028";"-";"-";"37042";"405";"7064";"-";"-";"33650";"405";"7115";"3";"-";"31726";"715";"7190";"3";"-";"26118";"701";"815";"-";"-";"19789";"1000";"845";"3";"-";"18979";"1000";"845";"3";"-";"26291";"1000";"695";"-";"-";"29028";"1000";"795";"3";"-";"30334";"1000";"795";"3";"-"
"Litoral Nordeste (RN)";"40053";"2530";"6030";"5";"45";"37160";"3473";"3451";"10";"30";"29409";"4183";"2470";"6";"30";"23401";"2480";"2970";"-";"-";"25027";"2358";"1490";"40";"-";"21109";"1906";"1490";"45";"6";"19710";"1404";"2200";"54";"6";"27347";"1486";"5130";"120";"5";"30388";"1550";"5350";"110";"26";"28785";"1530";"5250";"110";"26";"30652";"1532";"6950";"113";"25"
"Macaíba (RN)";"43314";"92";"15828";"-";"70";"41241";"26";"12105";"-";"70";"37292";"23";"12155";"-";"70";"31729";"19";"6795";"10";"-";"30967";"13";"8295";"90";"-";"28173";"-";"8295";"90";"-";"28810";"-";"8905";"90";"-";"28163";"-";"8180";"-";"-";"22659";"-";"8400";"-";"-";"22869";"-";"8400";"40";"-";"23449";"-";"8440";"-";"-"
"Natal (RN)";"2887";"-";"657";"-";"-";"2865";"-";"657";"-";"-";"2850";"-";"657";"-";"-";"2178";"-";"535";"-";"-";"1324";"20";"20";"-";"-";"1136";"20";"10";"2";"-";"822";"5";"-";"2";"-";"817";"5";"-";"2";"-";"844";"5";"-";"2";"-";"850";"5";"-";"2";"-";"813";"3";"-";"5";"-"
"Litoral Sul (RN)";"48323";"46";"38420";"-";"-";"48573";"44";"38450";"-";"-";"56679";"80";"48578";"-";"-";"56435";"80";"48650";"-";"-";"56316";"20";"48650";"-";"-";"55755";"10";"48665";"-";"-";"54084";"20";"48415";"-";"-";"53924";"20";"48500";"-";"-";"55336";"30";"49720";"30";"-";"54971";"10";"49615";"30";"-";"57911";"10";"52415";"20";"-"
"Fonte: IBGE - Produção Agrícola Municipal"

"Notas"
"1 - Os municípios sem informação para pelo menos um produto da lavoura não aparecem nas listas;"
"2 - A partir do ano de 2001 as quantidades produzidas dos produtos abacate, banana, caqui, figo, goiaba, laranja, limão, maçã, mamão, manga, maracujá, marmelo, melancia, melão, pera, pêssego e tangerina passam a ser expressas em toneladas. Nos anos anteriores eram expressas em mil frutos, com exceção da banana, que era expressa em mil cachos. O rendimento médio passa a ser expresso em Kg/ha. Nos anos anteriores era expresso em frutos/ha, com exceção da banana, que era expressa em cachos/ha."
"3 - Veja em https://sidra.ibge.gov.br/content/documentos/pam/AlteracoesUnidadesMedidaFrutas.pdf um documento com as alterações de unidades de medida das frutíferas ocorridas em 2001 e a tabela de conversão fruto x quilograma."
"4 - Até 2001, café (em coco), a partir de 2002, café (beneficiado ou em grão)."
"5 - Os produtos girassol e triticale só apresentam informação a partir de 2005."
"6 - As quantidades produzidas de abacaxi e de coco-da-baía são expressas em mil frutos e o rendimento médio em frutos/ha."
"7 - Valores para a categoria Total indisponíveis para as variáveis Quantidade produzida e Rendimento médio, pois as unidades de medida diferem para determinados produtos."
"8 - Subentende a possibilidade de cultivos sucessivos ou simultâneos (simples, associados e/ou intercalados) no mesmo ano e no mesmo local, podendo, por isto, a área informada da cultura exceder a área geográfica do município."
"9 - As culturas de abacaxi, cana-de-açúcar, mamona e mandioca são consideradas culturas temporárias de longa duração. Elas costumam ter ciclo vegetativo que ultrapassa 12 meses e, por isso, as informações são computadas nas colheitas realizadas dentro de cada ano civil (12 meses).
Nestas culturas a área plantada refere-se a área destinada à colheita no ano."
"10 - A diferença entre a área plantada ou destinada à colheita e a área colhida na lavoura é considerada como área perdida."
"11 - A variável Área plantada ou destinada à colheita só passou a ser informada a partir de 1988.
12 - Valor da produção: Variável derivada calculada pela média ponderada das informações de quantidade e preço médio corrente pago ao produtor, de acordo com os períodos de colheita e comercialização de cada produto. As despesas de frete, taxas e impostos não são incluídas no preço.

13 - Os dados do último ano divulgado são RESULTADOS PRELIMINARES e podem sofrer alterações até a próxima divulgação."
""
"Legenda"
"Símbolo";"Significado"
"-";"Zero absoluto, não resultante de um cálculo ou arredondamento.
Ex: Em determinado município não existem pessoas de 14 anos de idade sem instrução."
"0";"Zero resultante de um cálculo ou arredondamento.
Ex: A inflação do feijão em determinada Região Metropolitana foi 0.
Determinado município produziu 400 kg de sementes de girassol e os dados da tabela são expressos em toneladas."
"X";"Valor inibido para não identificar o informante.
Ex: Determinado município só possui uma empresa produtora de cimento, logo o valor de sua produção deve ser inibido."
"..";"Valor não se aplica.
Ex: Não se pode obter o total da produção agrícola em determinado município quando os produtos agrícolas são contabilizados com unidades de medida distintas."
"...";"Valor não disponível.
Ex: A produção de feijão em determinado município não foi pesquisada ou determinado município não existia no ano da pesquisa."
"A a Z
(exceto X)";"Significa uma faixa de valores. Varia em função da tabela (se for o caso).
Ex: O nível de precisão da produção estimada de combustíveis está na faixa A (95 a 100%)"
